"";"id";"object";"predicate";"condition";"repetitions";"property";"class";"words";"characters";"tokens";"value"
"1";"VP01";"ball";"jump";"hol";2;"movement";"object";2;17;"w1";"Springeder"
"2";"VP01";"ball";"jump";"hol";2;"movement";"object";2;17;"w2";"Hase"
"3";"VP01";"bike";"big";"seq";1;"size";"object";2;16;"w1";"Großes"
"4";"VP01";"bike";"big";"seq";1;"size";"object";2;16;"w2";"Fahrrad"
"5";"VP01";"bike";"many";"hol";3;"number";"object";1;9;"w1";"Fahrrad"
"6";"VP01";"bike";"one";"seq";3;"number";"object";2;15;"w1";"Gutes"
"7";"VP01";"bike";"one";"seq";3;"number";"object";2;15;"w2";"Fahrrad"
"8";"VP01";"bike";"small";"hol";4;"size";"object";2;16;"w1";"Füße"
"9";"VP01";"bike";"small";"hol";4;"size";"object";2;16;"w2";"strampeln"
"10";"VP01";"cat";"jump";"seq";2;"movement";"animal";2;18;"w1";"springende"
"11";"VP01";"cat";"jump";"seq";2;"movement";"animal";2;18;"w2";"Katze"
"12";"VP01";"cat";"run";"hol";3;"movement";"animal";1;6;"w1";"hase"
"13";"VP01";"comb";"big";"seq";1;"size";"object";3;16;"w1";"Großes"
"14";"VP01";"comb";"big";"seq";1;"size";"object";3;16;"w2";"Kommen"
"15";"VP01";"comb";"many";"hol";2;"number";"object";2;17;"w1";"Fröhlicher"
"16";"VP01";"comb";"many";"hol";2;"number";"object";2;17;"w2";"Kamm"
"17";"VP01";"comb";"one";"seq";1;"number";"object";2;12;"w1";"Guter"
"18";"VP01";"comb";"one";"seq";1;"number";"object";2;12;"w2";"Kamm"
"19";"VP01";"comb";"small";"hol";1;"size";"object";1;8;"w1";"Keimen"
"20";"VP01";"duck";"big";"seq";1;"size";"animal";2;14;"w1";"Lange"
"21";"VP01";"duck";"big";"seq";1;"size";"animal";2;14;"w2";"Treppe"
"22";"VP01";"duck";"jump";"hol";3;"movement";"animal";1;6;"w1";"hase"
"23";"VP01";"duck";"many";"seq";1;"number";"animal";2;13;"w1";"Großer"
"24";"VP01";"duck";"many";"seq";1;"number";"animal";2;13;"w2";"Hase"
"25";"VP01";"duck";"one";"hol";2;"number";"animal";1;7;"w1";"Katze"
"26";"VP01";"duck";"run";"seq";1;"movement";"animal";2;17;"w1";"Rennender"
"27";"VP01";"duck";"run";"seq";1;"movement";"animal";2;17;"w2";"Vogel"
"28";"VP01";"duck";"small";"hol";4;"size";"animal";2;17;"w1";"Laufender"
"29";"VP01";"duck";"small";"hol";4;"size";"animal";2;17;"w2";"Vogel"
"30";"VP01";"elephant";"jump";"seq";1;"movement";"animal";2;21;"w1";"Springender"
"31";"VP01";"elephant";"jump";"seq";1;"movement";"animal";2;21;"w2";"Elefant"
"32";"VP01";"elephant";"run";"hol";1;"movement";"animal";2;19;"w1";"Rennender"
"33";"VP01";"elephant";"run";"hol";1;"movement";"animal";2;19;"w2";"Elefant"
"34";"VP01";"fork";"big";"seq";3;"size";"object";2;14;"w1";"Langes"
"35";"VP01";"fork";"big";"seq";3;"size";"object";2;14;"w2";"Essen"
"36";"VP01";"fork";"many";"hol";2;"number";"object";2;25;"w1";"Unterschiedliches"
"37";"VP01";"fork";"many";"hol";2;"number";"object";2;25;"w2";"Essen"
"38";"VP01";"fork";"one";"seq";4;"number";"object";4;31;"w1";"Gutes"
"39";"VP01";"fork";"one";"seq";4;"number";"object";4;31;"w2";"Schnick"
"40";"VP01";"fork";"one";"seq";4;"number";"object";4;31;"w3";"Schnack"
"41";"VP01";"fork";"one";"seq";4;"number";"object";4;31;"w4";"Schnuck"
"42";"VP01";"fork";"small";"hol";1;"size";"object";1;7;"w1";"Essen"
"43";"VP01";"hammer";"big";"seq";2;"size";"object";2;14;"w1";"Großes"
"44";"VP01";"hammer";"big";"seq";2;"size";"object";2;14;"w2";"Hauen"
"45";"VP01";"hammer";"many";"hol";2;"number";"object";1;19;"w1";"Schlagzeugspielen"
"46";"VP01";"hammer";"one";"seq";3;"number";"object";4;33;"w1";"Schnick"
"47";"VP01";"hammer";"one";"seq";3;"number";"object";4;33;"w2";"Schnack"
"48";"VP01";"hammer";"one";"seq";3;"number";"object";4;33;"w3";"Schnur"
"49";"VP01";"hammer";"one";"seq";3;"number";"object";4;33;"w4";"gewinnen"
"50";"VP01";"hammer";"small";"hol";4;"size";"object";1;10;"w1";"Stampfen"
"51";"VP01";"monkey";"jump";"seq";2;"movement";"animal";2;18;"w1";"springender"
"52";"VP01";"monkey";"jump";"seq";2;"movement";"animal";2;18;"w2";"Affe"
"53";"VP02";"ball";"jump";"seq";2;"movement";"object";2;18;"w1";"aufgehende"
"54";"VP02";"ball";"jump";"seq";2;"movement";"object";2;18;"w2";"Sonne"
"55";"VP02";"bike";"big";"hol";1;"size";"object";2;18;"w1";"matschige"
"56";"VP02";"bike";"big";"hol";1;"size";"object";2;18;"w2";"Straße"
"57";"VP02";"bike";"many";"seq";1;"number";"object";2;13;"w1";"offenes"
"58";"VP02";"bike";"many";"seq";1;"number";"object";2;13;"w2";"Tor"
"59";"VP02";"bike";"one";"hol";2;"number";"object";2;21;"w1";"startendes"
"60";"VP02";"bike";"one";"hol";2;"number";"object";2;21;"w2";"Motorrad"
"61";"VP02";"bike";"small";"seq";2;"size";"object";2;20;"w1";"ankommender"
"62";"VP02";"bike";"small";"seq";2;"size";"object";2;20;"w2";"Läufer"
"63";"VP02";"cat";"jump";"hol";2;"movement";"animal";2;22;"w1";"fliegender"
"64";"VP02";"cat";"jump";"hol";2;"movement";"animal";2;22;"w2";"Supermann"
"65";"VP02";"cat";"run";"seq";1;"movement";"animal";2;18;"w1";"rennender"
"66";"VP02";"cat";"run";"seq";1;"movement";"animal";2;18;"w2";"Frosch"
"67";"VP02";"comb";"big";"hol";1;"size";"object";2;14;"w1";"glatte"
"68";"VP02";"comb";"big";"hol";1;"size";"object";2;14;"w2";"Haare"
"69";"VP02";"comb";"many";"seq";2;"number";"object";2;19;"w1";"geputzter"
"70";"VP02";"comb";"many";"seq";2;"number";"object";2;19;"w2";"Spiegel"
"71";"VP02";"comb";"one";"hol";1;"number";"object";2;16;"w1";"gekämmte"
"72";"VP02";"comb";"one";"hol";1;"number";"object";2;16;"w2";"Haare"
"73";"VP02";"comb";"small";"seq";2;"size";"object";2;19;"w1";"Haargel"
"74";"VP02";"comb";"small";"seq";2;"size";"object";2;19;"w2";"auftragen"
"75";"VP02";"duck";"big";"hol";2;"size";"animal";2;16;"w1";"fliegende"
"76";"VP02";"duck";"big";"hol";2;"size";"animal";2;16;"w2";"Ente"
"77";"VP02";"duck";"jump";"seq";1;"movement";"animal";2;17;"w1";"landender"
"78";"VP02";"duck";"jump";"seq";1;"movement";"animal";2;17;"w2";"Vogel"
"79";"VP02";"duck";"many";"hol";1;"number";"animal";2;12;"w1";"müdes"
"80";"VP02";"duck";"many";"hol";1;"number";"animal";2;12;"w2";"Huhn"
"81";"VP02";"duck";"one";"seq";2;"number";"animal";2;12;"w1";"gutes"
"82";"VP02";"duck";"one";"seq";2;"number";"animal";2;12;"w2";"Huhn"
"83";"VP02";"duck";"run";"hol";2;"movement";"animal";2;19;"w1";"schwimmendes"
"84";"VP02";"duck";"run";"hol";2;"movement";"animal";2;19;"w2";"Tier"
"85";"VP02";"duck";"small";"seq";2;"size";"animal";2;20;"w1";"gebücktes"
"86";"VP02";"duck";"small";"seq";2;"size";"animal";2;20;"w2";"Raubtier"
"87";"VP02";"elephant";"jump";"hol";1;"movement";"animal";2;22;"w1";"springendes"
"88";"VP02";"elephant";"jump";"hol";1;"movement";"animal";2;22;"w2";"Elephant"
"89";"VP02";"elephant";"run";"seq";1;"movement";"animal";2;20;"w1";"rennender"
"90";"VP02";"elephant";"run";"seq";1;"movement";"animal";2;20;"w2";"Elephant"
"91";"VP02";"fork";"big";"hol";3;"size";"object";2;19;"w1";"gegessene"
"92";"VP02";"fork";"big";"hol";3;"size";"object";2;19;"w2";"Karotte"
"93";"VP02";"fork";"many";"seq";1;"number";"object";2;16;"w1";"volle"
"94";"VP02";"fork";"many";"seq";1;"number";"object";2;16;"w2";"Schüssel"
"95";"VP02";"fork";"one";"hol";2;"number";"object";2;16;"w1";"getunktes"
"96";"VP02";"fork";"one";"hol";2;"number";"object";2;16;"w2";"Brot"
"97";"VP02";"fork";"small";"seq";2;"size";"object";2;17;"w1";"verteiltes"
"98";"VP02";"fork";"small";"seq";2;"size";"object";2;17;"w2";"Brot"
"99";"VP02";"hammer";"big";"hol";1;"size";"object";2;21;"w1";"fressendes"
"100";"VP02";"hammer";"big";"hol";1;"size";"object";2;21;"w2";"Krokodil"
"101";"VP02";"hammer";"many";"seq";2;"number";"object";2;28;"w1";"enthusiastischer"
"102";"VP02";"hammer";"many";"seq";2;"number";"object";2;28;"w2";"Passagier"
"103";"VP02";"hammer";"one";"hol";1;"number";"object";2;22;"w1";"schuftender"
"104";"VP02";"hammer";"one";"hol";1;"number";"object";2;22;"w2";"Arbeiter"
"105";"VP02";"hammer";"small";"seq";2;"size";"object";2;17;"w1";"klopfendes"
"106";"VP02";"hammer";"small";"seq";2;"size";"object";2;17;"w2";"Herz"
"107";"VP02";"monkey";"jump";"hol";1;"movement";"animal";2;23;"w1";"springender"
"108";"VP02";"monkey";"jump";"hol";1;"movement";"animal";2;23;"w2";"Supermann"
"109";"VP03";"ball";"jump";"hol";3;"movement";"object";1;11;"w1";"Kaninchen"
"110";"VP03";"bike";"big";"seq";8;"size";"object";1;8;"w1";"Airbag"
"111";"VP03";"bike";"many";"hol";3;"number";"object";2;18;"w1";"springender"
"112";"VP03";"bike";"many";"hol";3;"number";"object";2;18;"w2";"Hase"
"113";"VP03";"bike";"one";"seq";4;"number";"object";1;9;"w1";"Fahrrad"
"114";"VP03";"bike";"small";"hol";2;"size";"object";1;14;"w1";"Liegefahrrad"
"115";"VP03";"cat";"jump";"seq";2;"movement";"animal";2;18;"w1";"springende"
"116";"VP03";"cat";"jump";"seq";2;"movement";"animal";2;18;"w2";"Katze"
"117";"VP03";"cat";"run";"hol";1;"movement";"animal";2;16;"w1";"hüpfender"
"118";"VP03";"cat";"run";"hol";1;"movement";"animal";2;16;"w2";"Hase"
"119";"VP03";"comb";"big";"seq";1;"size";"object";2;14;"w1";"große"
"120";"VP03";"comb";"big";"seq";1;"size";"object";2;14;"w2";"Bürste"
"121";"VP03";"comb";"many";"hol";2;"number";"object";1;12;"w1";"Haarbürste"
"122";"VP03";"comb";"one";"seq";3;"number";"object";1;12;"w1";"Haarbürste"
"123";"VP03";"comb";"small";"hol";2;"size";"object";1;12;"w1";"Haarbürste"
"124";"VP03";"duck";"big";"seq";1;"size";"animal";2;12;"w1";"großer"
"125";"VP03";"duck";"big";"seq";1;"size";"animal";2;12;"w2";"Ski"
"126";"VP03";"duck";"jump";"hol";2;"movement";"animal";1;6;"w1";"Hase"
"127";"VP03";"duck";"many";"seq";3;"number";"animal";2;18;"w1";"schwimmende"
"128";"VP03";"duck";"many";"seq";3;"number";"animal";2;18;"w2";"Ente"
"129";"VP03";"duck";"one";"hol";1;"number";"animal";1;7;"w1";"Katze"
"130";"VP03";"duck";"run";"seq";2;"movement";"animal";2;19;"w1";"schnatternde"
"131";"VP03";"duck";"run";"seq";2;"movement";"animal";2;19;"w2";"Gans"
"132";"VP03";"duck";"small";"hol";1;"size";"animal";2;15;"w1";"quakende"
"133";"VP03";"duck";"small";"hol";1;"size";"animal";2;15;"w2";"Ente"
"134";"VP03";"elephant";"jump";"seq";1;"movement";"animal";2;19;"w1";"hüpfender"
"135";"VP03";"elephant";"jump";"seq";1;"movement";"animal";2;19;"w2";"Elefant"
"136";"VP03";"elephant";"run";"hol";2;"movement";"animal";2;19;"w1";"laufender"
"137";"VP03";"elephant";"run";"hol";2;"movement";"animal";2;19;"w2";"Elefant"
"138";"VP03";"fork";"big";"seq";1;"size";"object";1;12;"w1";"Futtertrog"
"139";"VP03";"fork";"many";"hol";3;"number";"object";1;13;"w1";"Nussknacker"
"140";"VP03";"fork";"one";"seq";3;"number";"object";1;8;"w1";"Papier"
"141";"VP03";"fork";"small";"hol";8;"size";"object";1;8;"w1";"Löffel"
"142";"VP03";"hammer";"big";"seq";7;"size";"object";1;15;"w1";"Sprudelwasser"
"143";"VP03";"hammer";"many";"hol";2;"number";"object";1;9;"w1";"Trommel"
"144";"VP03";"hammer";"one";"seq";8;"number";"object";1;8;"w1";"Papier"
"145";"VP03";"hammer";"small";"hol";8;"size";"object";1;8;"w1";"Hammer"
"146";"VP03";"monkey";"jump";"seq";3;"movement";"animal";2;16;"w1";"hüpfender"
"147";"VP03";"monkey";"jump";"seq";3;"movement";"animal";2;16;"w2";"Affe"
"148";"VP04";"ball";"jump";"seq";7;"movement";"object";1;11;"w1";"Trampolin"
"149";"VP04";"bike";"big";"hol";1;"size";"object";1;11;"w1";"Radfahrer"
"150";"VP04";"bike";"many";"seq";7;"number";"object";1;5;"w1";"Tor"
"151";"VP04";"bike";"one";"hol";19;"number";"object";1;9;"w1";"Elefant"
"152";"VP04";"bike";"small";"seq";3;"size";"object";1;8;"w1";"Jogger"
"153";"VP04";"cat";"jump";"hol";1;"movement";"animal";1;10;"w1";"Superman"
"154";"VP04";"cat";"run";"seq";7;"movement";"animal";2;16;"w1";"laufender"
"155";"VP04";"cat";"run";"seq";7;"movement";"animal";2;16;"w2";"Hund"
"156";"VP04";"comb";"big";"hol";1;"size";"object";1;9;"w1";"Friseur"
"157";"VP04";"comb";"many";"seq";4;"number";"object";1;8;"w1";"Hammer"
"158";"VP04";"comb";"one";"hol";2;"number";"object";1;6;"w1";"Kamm"
"159";"VP04";"comb";"small";"seq";4;"size";"object";1;9;"w1";"Haargel"
"160";"VP04";"duck";"big";"hol";1;"size";"animal";2;17;"w1";"gackerndes"
"161";"VP04";"duck";"big";"hol";1;"size";"animal";2;17;"w2";"Huhn"
"162";"VP04";"duck";"jump";"seq";1;"movement";"animal";2;19;"w1";"springender"
"163";"VP04";"duck";"jump";"seq";1;"movement";"animal";2;19;"w2";"Vogel"
"164";"VP04";"duck";"many";"hol";2;"number";"animal";2;13;"w1";"tote"
"165";"VP04";"duck";"many";"hol";2;"number";"animal";2;13;"w2";"Hühner"
"166";"VP04";"duck";"one";"seq";1;"number";"animal";2;17;"w1";"gackerndes"
"167";"VP04";"duck";"one";"seq";1;"number";"animal";2;17;"w2";"Huhn"
"168";"VP04";"duck";"run";"hol";9;"movement";"animal";3;17;"w1";"laufende"
"169";"VP04";"duck";"run";"hol";9;"movement";"animal";3;17;"w2";"Enter"
"170";"VP04";"duck";"small";"seq";6;"size";"animal";1;7;"w1";"Tiger"
"171";"VP04";"elephant";"jump";"hol";1;"movement";"animal";2;21;"w1";"springender"
"172";"VP04";"elephant";"jump";"hol";1;"movement";"animal";2;21;"w2";"Elefant"
"173";"VP04";"elephant";"run";"seq";1;"movement";"animal";2;19;"w1";"rennender"
"174";"VP04";"elephant";"run";"seq";1;"movement";"animal";2;19;"w2";"Elefant"
"175";"VP04";"fork";"big";"hol";2;"size";"object";1;12;"w1";"Essenstopf"
"176";"VP04";"fork";"many";"seq";5;"number";"object";1;10;"w1";"Fastfood"
"177";"VP04";"fork";"one";"hol";2;"number";"object";2;16;"w1";"essender"
"178";"VP04";"fork";"one";"hol";2;"number";"object";2;16;"w2";"Junge"
"179";"VP04";"fork";"small";"seq";8;"size";"object";2;23;"w1";"aufgeschnittenes"
"180";"VP04";"fork";"small";"seq";8;"size";"object";2;23;"w2";"Brot"
"181";"VP04";"hammer";"big";"hol";2;"size";"object";1;10;"w1";"Schellen"
"182";"VP04";"hammer";"many";"seq";7;"number";"object";1;9;"w1";"Jackpot"
"183";"VP04";"hammer";"one";"hol";2;"number";"object";1;12;"w1";"Holzfäller"
"184";"VP04";"hammer";"small";"seq";12;"size";"object";2;20;"w1";"zerbrochene"
"185";"VP04";"hammer";"small";"seq";12;"size";"object";2;20;"w2";"Kugeln"
"186";"VP04";"monkey";"jump";"hol";2;"movement";"animal";2;21;"w1";"fliegender"
"187";"VP04";"monkey";"jump";"hol";2;"movement";"animal";2;21;"w2";"Superman"
"188";"VP05";"ball";"jump";"hol";1;"movement";"object";2;13;"w1";"Grashüpfer"
"189";"VP05";"bike";"big";"seq";3;"size";"object";2;16;"w1";"fahrendes"
"190";"VP05";"bike";"big";"seq";3;"size";"object";2;16;"w2";"Auto"
"191";"VP05";"bike";"many";"hol";4;"number";"object";3;21;"w1";"schnaubendes"
"192";"VP05";"bike";"many";"hol";4;"number";"object";3;21;"w2";"Pferd"
"193";"VP05";"bike";"one";"seq";1;"number";"object";1;15;"w1";"Fahrradfahrer"
"194";"VP05";"bike";"small";"hol";3;"size";"object";1;9;"w1";"Fahrrad"
"195";"VP05";"cat";"jump";"seq";1;"movement";"animal";2;8;"w1";"Katze"
"196";"VP05";"cat";"run";"hol";2;"movement";"animal";1;6;"w1";"Tier"
"197";"VP05";"comb";"big";"seq";11;"size";"object";3;18;"w1";"kämmende"
"198";"VP05";"comb";"big";"seq";11;"size";"object";3;18;"w2";"Person"
"199";"VP05";"comb";"many";"hol";1;"number";"object";2;15;"w1";"kämmende"
"200";"VP05";"comb";"many";"hol";1;"number";"object";2;15;"w2";"Frau"
"201";"VP05";"comb";"one";"seq";1;"number";"object";3;17;"w1";"kämmendes"
"202";"VP05";"comb";"one";"seq";1;"number";"object";3;17;"w2";"Kind"
"203";"VP05";"comb";"small";"hol";1;"size";"object";2;16;"w1";"kämmender"
"204";"VP05";"comb";"small";"hol";1;"size";"object";2;16;"w2";"Mann"
"205";"VP05";"duck";"big";"seq";4;"size";"animal";4;25;"w1";"dicke"
"206";"VP05";"duck";"big";"seq";4;"size";"animal";4;25;"w2";"Person"
"207";"VP05";"duck";"big";"seq";4;"size";"animal";4;25;"w3";"die"
"208";"VP05";"duck";"big";"seq";4;"size";"animal";4;25;"w4";"läuft"
"209";"VP05";"duck";"jump";"hol";1;"movement";"animal";2;10;"w1";"Känguru"
"210";"VP05";"duck";"many";"seq";6;"number";"animal";2;12;"w1";"Vogelpfau"
"211";"VP05";"duck";"one";"hol";4;"number";"animal";1;12;"w1";"Grashüpfer"
"212";"VP05";"duck";"run";"seq";1;"movement";"animal";3;16;"w1";"laufende"
"213";"VP05";"duck";"run";"seq";1;"movement";"animal";3;16;"w2";"Ente"
"214";"VP05";"duck";"small";"hol";3;"size";"animal";1;6;"w1";"Huhn"
"215";"VP05";"elephant";"jump";"seq";1;"movement";"animal";3;22;"w1";"springender"
"216";"VP05";"elephant";"jump";"seq";1;"movement";"animal";3;22;"w2";"Elefant"
"217";"VP05";"elephant";"run";"hol";1;"movement";"animal";3;20;"w1";"rennender"
"218";"VP05";"elephant";"run";"hol";1;"movement";"animal";3;20;"w2";"Elefant"
"219";"VP05";"fork";"big";"seq";2;"size";"object";1;13;"w1";"Kühlschrank"
"220";"VP05";"fork";"many";"hol";4;"number";"object";3;22;"w1";"Obst"
"221";"VP05";"fork";"many";"hol";4;"number";"object";3;22;"w2";"pflücken"
"222";"VP05";"fork";"many";"hol";4;"number";"object";3;22;"w3";"essen"
"223";"VP05";"fork";"one";"seq";6;"number";"object";1;5;"w1";"Lob"
"224";"VP05";"fork";"small";"hol";1;"size";"object";1;7;"w1";"Essen"
"225";"VP05";"hammer";"big";"seq";8;"size";"object";3;17;"w1";"ärgerndes"
"226";"VP05";"hammer";"big";"seq";8;"size";"object";3;17;"w2";"Kind"
"227";"VP05";"hammer";"many";"hol";2;"number";"object";2;11;"w1";"Trommler"
"228";"VP05";"hammer";"one";"seq";2;"number";"object";1;5;"w1";"Lob"
"229";"VP05";"hammer";"small";"hol";7;"size";"object";2;15;"w1";"gemolkene"
"230";"VP05";"hammer";"small";"hol";7;"size";"object";2;15;"w2";"Kuh"
"231";"VP05";"monkey";"jump";"seq";1;"movement";"animal";3;19;"w1";"springender"
"232";"VP05";"monkey";"jump";"seq";1;"movement";"animal";3;19;"w2";"Affe"
"233";"VP06";"ball";"jump";"seq";1;"movement";"object";1;14;"w1";"Springreifen"
"234";"VP06";"bike";"big";"hol";1;"size";"object";1;15;"w1";"Fahrradfahren"
"235";"VP06";"bike";"many";"seq";3;"number";"object";1;13;"w1";"Vogelstrauß"
"236";"VP06";"bike";"one";"hol";1;"number";"object";2;15;"w1";"Stufe"
"237";"VP06";"bike";"one";"hol";1;"number";"object";2;15;"w2";"steigen"
"238";"VP06";"bike";"small";"seq";2;"size";"object";3;23;"w1";"Flucht"
"239";"VP06";"bike";"small";"seq";2;"size";"object";3;23;"w2";"und"
"240";"VP06";"bike";"small";"seq";2;"size";"object";3;23;"w3";"Verstecken"
"241";"VP06";"cat";"jump";"hol";1;"movement";"animal";1;10;"w1";"Superman"
"242";"VP06";"cat";"run";"seq";1;"movement";"animal";1;6;"w1";"Affe"
"243";"VP06";"comb";"big";"hol";1;"size";"object";2;16;"w1";"Haare"
"244";"VP06";"comb";"big";"hol";1;"size";"object";2;16;"w2";"rasieren"
"245";"VP06";"comb";"many";"seq";1;"number";"object";2;14;"w1";"Haare"
"246";"VP06";"comb";"many";"seq";1;"number";"object";2;14;"w2";"kämmen"
"247";"VP06";"comb";"one";"hol";1;"number";"object";2;14;"w1";"Haare"
"248";"VP06";"comb";"one";"hol";1;"number";"object";2;14;"w2";"kämmen"
"249";"VP06";"comb";"small";"seq";2;"size";"object";1;15;"w1";"Friseurbesuch"
"250";"VP06";"duck";"big";"hol";1;"size";"animal";1;6;"w1";"Ente"
"251";"VP06";"duck";"jump";"seq";4;"movement";"animal";1;7;"w1";"Vogel"
"252";"VP06";"duck";"many";"hol";1;"number";"animal";1;6;"w1";"Affe"
"253";"VP06";"duck";"one";"seq";1;"number";"animal";1;6;"w1";"Ente"
"254";"VP06";"duck";"run";"hol";2;"movement";"animal";1;6;"w1";"Ente"
"255";"VP06";"duck";"small";"seq";1;"size";"animal";1;6;"w1";"Ente"
"256";"VP06";"elephant";"jump";"hol";1;"movement";"animal";1;10;"w1";"Elephant"
"257";"VP06";"elephant";"run";"seq";2;"movement";"animal";1;12;"w1";"Elephanten"
"258";"VP06";"fork";"big";"hol";1;"size";"object";1;13;"w1";"Mittagessen"
"259";"VP06";"fork";"many";"seq";3;"number";"object";2;12;"w1";"Brei"
"260";"VP06";"fork";"many";"seq";3;"number";"object";2;12;"w2";"essen"
"261";"VP06";"fork";"one";"hol";2;"number";"object";1;13;"w1";"Mittagessen"
"262";"VP06";"fork";"small";"seq";3;"size";"object";1;16;"w1";"Snack"
"263";"VP06";"fork";"small";"seq";3;"size";"object";1;16;"w2";"Maschine"
"264";"VP06";"hammer";"big";"hol";1;"size";"object";1;15;"w1";"Ziehharmonika"
"265";"VP06";"hammer";"many";"seq";2;"number";"object";1;9;"w1";"Richter"
"266";"VP06";"hammer";"one";"hol";1;"number";"object";2;13;"w1";"Holz"
"267";"VP06";"hammer";"one";"hol";1;"number";"object";2;13;"w2";"hacken"
"268";"VP06";"hammer";"small";"seq";2;"size";"object";1;11;"w1";"Verkaufen"
"269";"VP06";"monkey";"jump";"hol";1;"movement";"animal";1;10;"w1";"Superman"
"270";"VP07";"ball";"jump";"hol";1;"movement";"object";2;16;"w1";"hüpfender"
"271";"VP07";"ball";"jump";"hol";1;"movement";"object";2;16;"w2";"Ball"
"272";"VP07";"bike";"big";"seq";1;"size";"object";2;13;"w1";"großes"
"273";"VP07";"bike";"big";"seq";1;"size";"object";2;13;"w2";"Auto"
"274";"VP07";"bike";"many";"hol";1;"number";"object";2;22;"w1";"schleckendes"
"275";"VP07";"bike";"many";"hol";1;"number";"object";2;22;"w2";"Känguru"
"276";"VP07";"bike";"one";"seq";1;"number";"object";2;16;"w1";"tolles"
"277";"VP07";"bike";"one";"seq";1;"number";"object";2;16;"w2";"Fahrrad"
"278";"VP07";"bike";"small";"hol";1;"size";"object";2;19;"w1";"liegendes"
"279";"VP07";"bike";"small";"hol";1;"size";"object";2;19;"w2";"Fahrrad"
"280";"VP07";"cat";"jump";"seq";1;"movement";"animal";2;26;"w1";"fröhlicher"
"281";"VP07";"cat";"jump";"seq";1;"movement";"animal";2;26;"w2";"Schmetterling"
"282";"VP07";"cat";"run";"hol";4;"movement";"animal";2;15;"w1";"schnelle"
"283";"VP07";"cat";"run";"hol";4;"movement";"animal";2;15;"w2";"Maus"
"284";"VP07";"comb";"big";"seq";3;"size";"object";2;16;"w1";"kratzender"
"285";"VP07";"comb";"big";"seq";3;"size";"object";2;16;"w2";"Bär"
"286";"VP07";"comb";"many";"hol";1;"number";"object";2;14;"w1";"schöne"
"287";"VP07";"comb";"many";"hol";1;"number";"object";2;14;"w2";"Haare"
"288";"VP07";"comb";"one";"seq";1;"number";"object";2;14;"w1";"schöne"
"289";"VP07";"comb";"one";"seq";1;"number";"object";2;14;"w2";"Haare"
"290";"VP07";"comb";"small";"hol";1;"size";"object";2;13;"w1";"lange"
"291";"VP07";"comb";"small";"hol";1;"size";"object";2;13;"w2";"Haare"
"292";"VP07";"duck";"big";"seq";1;"size";"animal";2;12;"w1";"dicker"
"293";"VP07";"duck";"big";"seq";1;"size";"animal";2;12;"w2";"Bär"
"294";"VP07";"duck";"jump";"hol";2;"movement";"animal";2;21;"w1";"glückliches"
"295";"VP07";"duck";"jump";"hol";2;"movement";"animal";2;21;"w2";"Känguru"
"296";"VP07";"duck";"many";"seq";2;"number";"animal";2;19;"w1";"springender"
"297";"VP07";"duck";"many";"seq";2;"number";"animal";2;19;"w2";"Kreis"
"298";"VP07";"duck";"one";"hol";2;"number";"animal";2;13;"w1";"kleine"
"299";"VP07";"duck";"one";"hol";2;"number";"animal";2;13;"w2";"Maus"
"300";"VP07";"duck";"run";"seq";1;"movement";"animal";2;15;"w1";"schnelle"
"301";"VP07";"duck";"run";"seq";1;"movement";"animal";2;15;"w2";"Ente"
"302";"VP07";"duck";"small";"hol";1;"size";"animal";2;14;"w1";"kleine"
"303";"VP07";"duck";"small";"hol";1;"size";"animal";2;14;"w2";"Katze"
"304";"VP07";"elephant";"jump";"seq";1;"movement";"animal";2;16;"w1";"großer"
"305";"VP07";"elephant";"jump";"seq";1;"movement";"animal";2;16;"w2";"Elefant"
"306";"VP07";"elephant";"run";"hol";1;"movement";"animal";2;19;"w1";"schneller"
"307";"VP07";"elephant";"run";"hol";1;"movement";"animal";2;19;"w2";"Elefant"
"308";"VP07";"fork";"big";"seq";1;"size";"object";2;14;"w1";"essender"
"309";"VP07";"fork";"big";"seq";1;"size";"object";2;14;"w2";"Bär"
"310";"VP07";"fork";"many";"hol";1;"number";"object";2;15;"w1";"langes"
"311";"VP07";"fork";"many";"hol";1;"number";"object";2;15;"w2";"Buffet"
"312";"VP07";"fork";"one";"seq";1;"number";"object";2;14;"w1";"gute"
"313";"VP07";"fork";"one";"seq";1;"number";"object";2;14;"w2";"Trommel"
"314";"VP07";"fork";"small";"hol";1;"size";"object";2;13;"w1";"gutes"
"315";"VP07";"fork";"small";"hol";1;"size";"object";2;13;"w2";"Essen"
"316";"VP07";"hammer";"big";"seq";2;"size";"object";2;22;"w1";"geschlossener"
"317";"VP07";"hammer";"big";"seq";2;"size";"object";2;22;"w2";"Würfel"
"318";"VP07";"hammer";"many";"hol";2;"number";"object";2;15;"w1";"laute"
"319";"VP07";"hammer";"many";"hol";2;"number";"object";2;15;"w2";"Trommel"
"320";"VP07";"hammer";"one";"seq";1;"number";"object";2;14;"w1";"gute"
"321";"VP07";"hammer";"one";"seq";1;"number";"object";2;14;"w2";"Trommel"
"322";"VP07";"hammer";"small";"hol";3;"size";"object";2;15;"w1";"laute"
"323";"VP07";"hammer";"small";"hol";3;"size";"object";2;15;"w2";"Trommel"
"324";"VP07";"monkey";"jump";"seq";1;"movement";"animal";2;21;"w1";"glückliches"
"325";"VP07";"monkey";"jump";"seq";1;"movement";"animal";2;21;"w2";"Känguru"
"326";"VP08";"ball";"jump";"seq";3;"movement";"object";2;13;"w1";"großes"
"327";"VP08";"ball";"jump";"seq";3;"movement";"object";2;13;"w2";"herz"
"328";"VP08";"bike";"big";"hol";2;"size";"object";1;15;"w1";"Fahrradfahrer"
"329";"VP08";"bike";"many";"seq";5;"number";"object";2;11;"w1";"ein"
"330";"VP08";"bike";"many";"seq";5;"number";"object";2;11;"w2";"Riese"
"331";"VP08";"bike";"one";"hol";3;"number";"object";1;10;"w1";"stampfen"
"332";"VP08";"bike";"small";"seq";7;"size";"object";1;8;"w1";"Läufer"
"333";"VP08";"cat";"jump";"hol";2;"movement";"animal";1;7;"w1";"vogel"
"334";"VP08";"cat";"run";"seq";4;"movement";"animal";2;18;"w1";"laufender"
"335";"VP08";"cat";"run";"seq";4;"movement";"animal";2;18;"w2";"Frosch"
"336";"VP08";"comb";"big";"hol";1;"size";"object";2;11;"w1";"Rasierer"
"337";"VP08";"comb";"many";"seq";1;"number";"object";1;8;"w1";"Kämmen"
"338";"VP08";"comb";"one";"hol";1;"number";"object";1;6;"w1";"Kamm"
"339";"VP08";"comb";"small";"seq";3;"size";"object";1;12;"w1";"streicheln"
"340";"VP08";"duck";"big";"hol";1;"size";"animal";3;12;"w1";"eine"
"341";"VP08";"duck";"big";"hol";1;"size";"animal";3;12;"w2";"Ente"
"342";"VP08";"duck";"jump";"seq";1;"movement";"animal";2;19;"w1";"springender"
"343";"VP08";"duck";"jump";"seq";1;"movement";"animal";2;19;"w2";"Vogel"
"344";"VP08";"duck";"many";"hol";2;"number";"animal";1;8;"w1";"frosch"
"345";"VP08";"duck";"one";"seq";1;"number";"animal";1;7;"w1";"Kröte"
"346";"VP08";"duck";"run";"hol";4;"movement";"animal";3;20;"w1";"ein"
"347";"VP08";"duck";"run";"hol";4;"movement";"animal";3;20;"w2";"laufendes"
"348";"VP08";"duck";"run";"hol";4;"movement";"animal";3;20;"w3";"Tier"
"349";"VP08";"duck";"small";"seq";6;"size";"animal";3;20;"w1";"ein"
"350";"VP08";"duck";"small";"seq";6;"size";"animal";3;20;"w2";"wütender"
"351";"VP08";"duck";"small";"seq";6;"size";"animal";3;20;"w3";"Zwerg"
"352";"VP08";"elephant";"jump";"hol";1;"movement";"animal";3;25;"w1";"ein"
"353";"VP08";"elephant";"jump";"hol";1;"movement";"animal";3;25;"w2";"springender"
"354";"VP08";"elephant";"jump";"hol";1;"movement";"animal";3;25;"w3";"Elefant"
"355";"VP08";"elephant";"run";"seq";1;"movement";"animal";4;28;"w1";"ein"
"356";"VP08";"elephant";"run";"seq";1;"movement";"animal";4;28;"w2";"sich"
"357";"VP08";"elephant";"run";"seq";1;"movement";"animal";4;28;"w3";"drehender"
"358";"VP08";"elephant";"run";"seq";1;"movement";"animal";4;28;"w4";"Elefant"
"359";"VP08";"fork";"big";"hol";2;"size";"object";1;14;"w1";"Suppenlöffel"
"360";"VP08";"fork";"many";"seq";3;"number";"object";1;7;"w1";"essen"
"361";"VP08";"fork";"one";"hol";2;"number";"object";2;8;"w1";"Gabel"
"362";"VP08";"fork";"small";"seq";7;"size";"object";4;28;"w1";"jemand"
"363";"VP08";"fork";"small";"seq";7;"size";"object";4;28;"w2";"der"
"364";"VP08";"fork";"small";"seq";7;"size";"object";4;28;"w3";"essen"
"365";"VP08";"fork";"small";"seq";7;"size";"object";4;28;"w4";"verteilt"
"366";"VP08";"hammer";"big";"hol";4;"size";"object";1;10;"w1";"krokodil"
"367";"VP08";"hammer";"many";"seq";6;"number";"object";3;21;"w1";"ein"
"368";"VP08";"hammer";"many";"seq";6;"number";"object";3;21;"w2";"klopfender"
"369";"VP08";"hammer";"many";"seq";6;"number";"object";3;21;"w3";"Gast"
"370";"VP08";"hammer";"one";"hol";1;"number";"object";2;9;"w1";"hammer"
"371";"VP08";"hammer";"small";"seq";12;"size";"object";1;12;"w1";"Schneemann"
"372";"VP08";"monkey";"jump";"hol";1;"movement";"animal";1;7;"w1";"vogel"
"373";"VP09";"ball";"jump";"hol";3;"movement";"object";1;12;"w1";"Gradhüpfer"
"374";"VP09";"bike";"big";"seq";2;"size";"object";2;15;"w1";"großer"
"375";"VP09";"bike";"big";"seq";2;"size";"object";2;15;"w2";"Storch"
"376";"VP09";"bike";"many";"hol";3;"number";"object";1;9;"w1";"Fahrrad"
"377";"VP09";"bike";"one";"seq";2;"number";"object";2;16;"w1";"Fahrrad"
"378";"VP09";"bike";"one";"seq";2;"number";"object";2;16;"w2";"fahren"
"379";"VP09";"bike";"small";"hol";2;"size";"object";2;20;"w1";"strampelnder"
"380";"VP09";"bike";"small";"hol";2;"size";"object";2;20;"w2";"Käfer"
"381";"VP09";"cat";"jump";"seq";3;"movement";"animal";2;18;"w1";"springende"
"382";"VP09";"cat";"jump";"seq";3;"movement";"animal";2;18;"w2";"Katze"
"383";"VP09";"cat";"run";"hol";1;"movement";"animal";1;8;"w1";"Frosch"
"384";"VP09";"comb";"big";"seq";3;"size";"object";2;14;"w1";"große"
"385";"VP09";"comb";"big";"seq";3;"size";"object";2;14;"w2";"Bürste"
"386";"VP09";"comb";"many";"hol";3;"number";"object";1;12;"w1";"Modenschau"
"387";"VP09";"comb";"one";"seq";2;"number";"object";1;12;"w1";"Haarbürste"
"388";"VP09";"comb";"small";"hol";1;"size";"object";1;12;"w1";"Haarbürste"
"389";"VP09";"duck";"big";"seq";8;"size";"animal";2;13;"w1";"lange"
"390";"VP09";"duck";"big";"seq";8;"size";"animal";2;13;"w2";"Beine"
"391";"VP09";"duck";"jump";"hol";2;"movement";"animal";2;17;"w1";"springende"
"392";"VP09";"duck";"jump";"hol";2;"movement";"animal";2;17;"w2";"Ente"
"393";"VP09";"duck";"many";"seq";1;"number";"animal";1;6;"w1";"Pfau"
"394";"VP09";"duck";"one";"hol";1;"number";"animal";2;9;"w1";"Frosch"
"395";"VP09";"duck";"run";"seq";1;"movement";"animal";2;15;"w1";"rennende"
"396";"VP09";"duck";"run";"seq";1;"movement";"animal";2;15;"w2";"Ente"
"397";"VP09";"duck";"small";"hol";2;"size";"animal";1;6;"w1";"Ente"
"398";"VP09";"elephant";"jump";"seq";1;"movement";"animal";2;21;"w1";"springender"
"399";"VP09";"elephant";"jump";"seq";1;"movement";"animal";2;21;"w2";"Elefant"
"400";"VP09";"elephant";"run";"hol";1;"movement";"animal";3;20;"w1";"rennender"
"401";"VP09";"elephant";"run";"hol";1;"movement";"animal";3;20;"w2";"Elefant"
"402";"VP09";"fork";"big";"seq";3;"size";"object";3;16;"w1";"dicker"
"403";"VP09";"fork";"big";"seq";3;"size";"object";3;16;"w2";"Mensch"
"404";"VP09";"fork";"many";"hol";4;"number";"object";3;35;"w1";"unterschiedliches"
"405";"VP09";"fork";"many";"hol";4;"number";"object";3;35;"w2";"Essen"
"406";"VP09";"fork";"many";"hol";4;"number";"object";3;35;"w3";"probieren"
"407";"VP09";"fork";"one";"seq";3;"number";"object";1;9;"w1";"Trommel"
"408";"VP09";"fork";"small";"hol";2;"size";"object";2;8;"w1";"Suppe"
"409";"VP09";"hammer";"big";"seq";3;"size";"object";1;8;"w1";"Hammer"
"410";"VP09";"hammer";"many";"hol";2;"number";"object";2;20;"w1";"Schlagzeug"
"411";"VP09";"hammer";"many";"hol";2;"number";"object";2;20;"w2";"spielen"
"412";"VP09";"hammer";"one";"seq";2;"number";"object";1;9;"w1";"Trommel"
"413";"VP09";"hammer";"small";"hol";3;"size";"object";1;9;"w1";"Trommel"
"414";"VP09";"monkey";"jump";"seq";2;"movement";"animal";2;18;"w1";"springender"
"415";"VP09";"monkey";"jump";"seq";2;"movement";"animal";2;18;"w2";"Affe"
"416";"VP10";"ball";"jump";"seq";2;"movement";"object";1;6;"w1";"Ball"
"417";"VP10";"bike";"big";"hol";1;"size";"object";1;9;"w1";"Fahrrad"
"418";"VP10";"bike";"many";"seq";7;"number";"object";1;10;"w1";"Torbogen"
"419";"VP10";"bike";"one";"hol";1;"number";"object";1;8;"w1";"Storch"
"420";"VP10";"bike";"small";"seq";1;"size";"object";1;13;"w1";"Dinosaurier"
"421";"VP10";"cat";"jump";"hol";2;"movement";"animal";1;10;"w1";"Superman"
"422";"VP10";"cat";"run";"seq";1;"movement";"animal";1;10;"w1";"Sportler"
"423";"VP10";"comb";"big";"hol";4;"size";"object";2;14;"w1";"eitle"
"424";"VP10";"comb";"big";"hol";4;"size";"object";2;14;"w2";"Person"
"425";"VP10";"comb";"many";"seq";4;"number";"object";2;26;"w1";"blinkende"
"426";"VP10";"comb";"many";"seq";4;"number";"object";2;26;"w2";"Scheibenwerfer"
"427";"VP10";"comb";"one";"hol";2;"number";"object";3;22;"w1";"sich"
"428";"VP10";"comb";"one";"hol";2;"number";"object";3;22;"w2";"kämmende"
"429";"VP10";"comb";"one";"hol";2;"number";"object";3;22;"w3";"Person"
"430";"VP10";"comb";"small";"seq";6;"size";"object";1;9;"w1";"Haargel"
"431";"VP10";"duck";"big";"hol";2;"size";"animal";1;7;"w1";"Vogel"
"432";"VP10";"duck";"jump";"seq";3;"movement";"animal";2;19;"w1";"springender"
"433";"VP10";"duck";"jump";"seq";3;"movement";"animal";2;19;"w2";"Vogel"
"434";"VP10";"duck";"many";"hol";3;"number";"animal";2;12;"w1";"müdes"
"435";"VP10";"duck";"many";"hol";3;"number";"animal";2;12;"w2";"Huhn"
"436";"VP10";"duck";"one";"seq";2;"number";"animal";2;15;"w1";"munteres"
"437";"VP10";"duck";"one";"seq";2;"number";"animal";2;15;"w2";"Huhn"
"438";"VP10";"duck";"run";"hol";5;"movement";"animal";2;17;"w1";"rennender"
"439";"VP10";"duck";"run";"hol";5;"movement";"animal";2;17;"w2";"Vogel"
"440";"VP10";"duck";"small";"seq";6;"size";"animal";2;15;"w1";"essender"
"441";"VP10";"duck";"small";"seq";6;"size";"animal";2;15;"w2";"Wolf"
"442";"VP10";"elephant";"jump";"hol";1;"movement";"animal";2;19;"w1";"hüpfender"
"443";"VP10";"elephant";"jump";"hol";1;"movement";"animal";2;19;"w2";"Elefant"
"444";"VP10";"elephant";"run";"seq";2;"movement";"animal";2;19;"w1";"laufender"
"445";"VP10";"elephant";"run";"seq";2;"movement";"animal";2;19;"w2";"Elefant"
"446";"VP10";"fork";"big";"hol";4;"size";"object";2;15;"w1";"essendes"
"447";"VP10";"fork";"big";"hol";4;"size";"object";2;15;"w2";"Kind"
"448";"VP10";"fork";"many";"seq";8;"number";"object";2;17;"w1";"schneller"
"449";"VP10";"fork";"many";"seq";8;"number";"object";2;17;"w2";"Esser"
"450";"VP10";"fork";"one";"hol";1;"number";"object";1;7;"w1";"Gabel"
"451";"VP10";"fork";"small";"seq";3;"size";"object";1;22;"w1";"Süßigkeitenschachtel"
"452";"VP10";"hammer";"big";"hol";4;"size";"object";1;13;"w1";"Klanghölzer"
"453";"VP10";"hammer";"many";"seq";5;"number";"object";1;8;"w1";"Hammer"
"454";"VP10";"hammer";"one";"hol";1;"number";"object";1;12;"w1";"Holzhacker"
"455";"VP10";"hammer";"small";"seq";3;"size";"object";2;12;"w1";"kleine"
"456";"VP10";"hammer";"small";"seq";3;"size";"object";2;12;"w2";"Tür"
"457";"VP10";"monkey";"jump";"hol";1;"movement";"animal";1;10;"w1";"Superman"
"458";"VP11";"ball";"jump";"hol";7;"movement";"object";2;19;"w1";"Seepferd"
"459";"VP11";"ball";"jump";"hol";7;"movement";"object";2;19;"w2";"delphin"
"460";"VP11";"bike";"big";"seq";3;"size";"object";3;12;"w1";"bär"
"461";"VP11";"bike";"big";"seq";3;"size";"object";3;12;"w2";"Huhn"
"462";"VP11";"bike";"many";"hol";5;"number";"object";2;16;"w1";"Fahrrad"
"463";"VP11";"bike";"many";"hol";5;"number";"object";2;16;"w2";"fahren"
"464";"VP11";"bike";"one";"seq";1;"number";"object";4;27;"w1";"Bein"
"465";"VP11";"bike";"one";"seq";1;"number";"object";4;27;"w2";"training"
"466";"VP11";"bike";"one";"seq";1;"number";"object";4;27;"w3";"motiviert"
"467";"VP11";"bike";"small";"hol";3;"size";"object";2;12;"w1";"Beinübung"
"468";"VP11";"cat";"jump";"seq";5;"movement";"animal";2;15;"w1";"blind"
"469";"VP11";"cat";"jump";"seq";5;"movement";"animal";2;15;"w2";"spräche"
"470";"VP11";"cat";"run";"hol";1;"movement";"animal";2;11;"w1";"Krabbeln"
"471";"VP11";"comb";"big";"seq";1;"size";"object";3;16;"w1";"Haare"
"472";"VP11";"comb";"big";"seq";1;"size";"object";3;16;"w2";"bürsten"
"473";"VP11";"comb";"many";"hol";1;"number";"object";3;15;"w1";"Haare"
"474";"VP11";"comb";"many";"hol";1;"number";"object";3;15;"w2";"kämmen"
"475";"VP11";"comb";"one";"seq";1;"number";"object";3;26;"w1";"Spiegel"
"476";"VP11";"comb";"one";"seq";1;"number";"object";3;26;"w2";"Haare"
"477";"VP11";"comb";"one";"seq";1;"number";"object";3;26;"w3";"frisieren"
"478";"VP11";"comb";"small";"hol";1;"size";"object";3;18;"w1";"haare"
"479";"VP11";"comb";"small";"hol";1;"size";"object";3;18;"w2";"frisieren"
"480";"VP11";"duck";"big";"seq";1;"size";"animal";2;16;"w1";"gehen"
"481";"VP11";"duck";"big";"seq";1;"size";"animal";2;16;"w2";"wandern"
"482";"VP11";"duck";"jump";"hol";1;"movement";"animal";2;10;"w1";"Kangeru"
"483";"VP11";"duck";"many";"seq";2;"number";"animal";2;12;"w1";"Schwimmen"
"484";"VP11";"duck";"one";"hol";2;"number";"animal";2;20;"w1";"verstecken"
"485";"VP11";"duck";"one";"hol";2;"number";"animal";2;20;"w2";"spielen"
"486";"VP11";"duck";"run";"seq";2;"movement";"animal";4;21;"w1";"Vogel"
"487";"VP11";"duck";"run";"seq";2;"movement";"animal";4;21;"w2";"art"
"488";"VP11";"duck";"run";"seq";2;"movement";"animal";4;21;"w3";"Papagei"
"489";"VP11";"duck";"small";"hol";3;"size";"animal";1;6;"w1";"Huhn"
"490";"VP11";"elephant";"jump";"seq";1;"movement";"animal";2;10;"w1";"Elefant"
"491";"VP11";"elephant";"run";"hol";1;"movement";"animal";2;10;"w1";"Elefant"
"492";"VP11";"fork";"big";"seq";1;"size";"object";4;24;"w1";"großes"
"493";"VP11";"fork";"big";"seq";1;"size";"object";4;24;"w2";"Essen"
"494";"VP11";"fork";"big";"seq";1;"size";"object";4;24;"w3";"Gericht"
"495";"VP11";"fork";"many";"hol";1;"number";"object";2;12;"w1";"Kost"
"496";"VP11";"fork";"many";"hol";1;"number";"object";2;12;"w2";"probe"
"497";"VP11";"fork";"one";"seq";3;"number";"object";4;32;"w1";"motiviert"
"498";"VP11";"fork";"one";"seq";3;"number";"object";4;32;"w2";"daumenhoch"
"499";"VP11";"fork";"one";"seq";3;"number";"object";4;32;"w3";"mensch"
"500";"VP11";"fork";"small";"hol";1;"size";"object";1;7;"w1";"essen"
"501";"VP11";"hammer";"big";"seq";1;"size";"object";2;19;"w1";"etwas"
"502";"VP11";"hammer";"big";"seq";1;"size";"object";2;19;"w2";"zerschlagen"
"503";"VP11";"hammer";"many";"hol";1;"number";"object";3;21;"w1";"schlag"
"504";"VP11";"hammer";"many";"hol";1;"number";"object";3;21;"w2";"zeug"
"505";"VP11";"hammer";"many";"hol";1;"number";"object";3;21;"w3";"spielen"
"506";"VP11";"hammer";"one";"seq";1;"number";"object";2;12;"w1";"Motiviert"
"507";"VP11";"hammer";"small";"hol";1;"size";"object";3;20;"w1";"etwas"
"508";"VP11";"hammer";"small";"hol";1;"size";"object";3;20;"w2";"zerschlagen"
"509";"VP11";"monkey";"jump";"seq";2;"movement";"animal";3;12;"w1";"Juck"
"510";"VP11";"monkey";"jump";"seq";2;"movement";"animal";3;12;"w2";"reiz"
"511";"VP12";"ball";"jump";"seq";2;"movement";"object";2;18;"w1";"springender"
"512";"VP12";"ball";"jump";"seq";2;"movement";"object";2;18;"w2";"Ball"
"513";"VP12";"bike";"big";"hol";2;"size";"object";2;16;"w1";"Fahrrad"
"514";"VP12";"bike";"big";"hol";2;"size";"object";2;16;"w2";"fahren"
"515";"VP12";"bike";"many";"seq";1;"number";"object";2;13;"w1";"runde"
"516";"VP12";"bike";"many";"seq";1;"number";"object";2;13;"w2";"Höhle"
"517";"VP12";"bike";"one";"hol";4;"number";"object";1;9;"w1";"Fahrrad"
"518";"VP12";"bike";"small";"seq";2;"size";"object";2;18;"w1";"laufender"
"519";"VP12";"bike";"small";"seq";2;"size";"object";2;18;"w2";"Mensch"
"520";"VP12";"cat";"jump";"hol";1;"movement";"animal";1;11;"w1";"Ballerina"
"521";"VP12";"cat";"run";"seq";2;"movement";"animal";1;7;"w1";"Pferd"
"522";"VP12";"comb";"big";"hol";1;"size";"object";1;12;"w1";"Haarbürste"
"523";"VP12";"comb";"many";"seq";6;"number";"object";1;10;"w1";"Haarkamm"
"524";"VP12";"comb";"one";"hol";2;"number";"object";1;12;"w1";"Haarbürste"
"525";"VP12";"comb";"small";"seq";3;"size";"object";1;12;"w1";"Haarbürste"
"526";"VP12";"duck";"big";"hol";1;"size";"animal";1;6;"w1";"Huhn"
"527";"VP12";"duck";"jump";"seq";2;"movement";"animal";2;19;"w1";"springender"
"528";"VP12";"duck";"jump";"seq";2;"movement";"animal";2;19;"w2";"Vogel"
"529";"VP12";"duck";"many";"hol";4;"number";"animal";1;8;"w1";"Storch"
"530";"VP12";"duck";"one";"seq";1;"number";"animal";1;6;"w1";"Huhn"
"531";"VP12";"duck";"run";"hol";4;"movement";"animal";2;15;"w1";"laufende"
"532";"VP12";"duck";"run";"hol";4;"movement";"animal";2;15;"w2";"Ente"
"533";"VP12";"duck";"small";"seq";5;"size";"animal";1;6;"w1";"Hase"
"534";"VP12";"elephant";"jump";"hol";1;"movement";"animal";2;21;"w1";"springender"
"535";"VP12";"elephant";"jump";"hol";1;"movement";"animal";2;21;"w2";"Elefant"
"536";"VP12";"elephant";"run";"seq";2;"movement";"animal";2;19;"w1";"laufender"
"537";"VP12";"elephant";"run";"seq";2;"movement";"animal";2;19;"w2";"Elefant"
"538";"VP12";"fork";"big";"hol";3;"size";"object";1;7;"w1";"Essen"
"539";"VP12";"fork";"many";"seq";1;"number";"object";1;7;"w1";"Essen"
"540";"VP12";"fork";"one";"hol";1;"number";"object";1;7;"w1";"Essen"
"541";"VP12";"fork";"small";"seq";2;"size";"object";2;20;"w1";"geschnittenes"
"542";"VP12";"fork";"small";"seq";2;"size";"object";2;20;"w2";"Brot"
"543";"VP12";"hammer";"big";"hol";1;"size";"object";1;8;"w1";"Pauken"
"544";"VP12";"hammer";"many";"seq";5;"number";"object";3;16;"w1";"An"
"545";"VP12";"hammer";"many";"seq";5;"number";"object";3;16;"w2";"Tür"
"546";"VP12";"hammer";"many";"seq";5;"number";"object";3;16;"w3";"klopfen"
"547";"VP12";"hammer";"one";"hol";2;"number";"object";2;13;"w1";"Holz"
"548";"VP12";"hammer";"one";"hol";2;"number";"object";2;13;"w2";"hacken"
"549";"VP12";"hammer";"small";"seq";7;"size";"object";1;6;"w1";"Baum"
"550";"VP12";"monkey";"jump";"hol";2;"movement";"animal";1;11;"w1";"Ballerina"
"551";"VP13";"ball";"jump";"hol";2;"movement";"object";1;8;"w1";"hüpfen"
"552";"VP13";"bike";"big";"seq";2;"size";"object";1;10;"w1";"Motorrad"
"553";"VP13";"bike";"many";"hol";2;"number";"object";1;9;"w1";"Fahrrad"
"554";"VP13";"bike";"one";"seq";2;"number";"object";1;9;"w1";"Fahrrad"
"555";"VP13";"bike";"small";"hol";2;"size";"object";1;8;"w1";"Treten"
"556";"VP13";"cat";"jump";"seq";3;"movement";"animal";2;16;"w1";"hüpfendes"
"557";"VP13";"cat";"jump";"seq";3;"movement";"animal";2;16;"w2";"Haus"
"558";"VP13";"cat";"run";"hol";2;"movement";"animal";1;8;"w1";"Frosch"
"559";"VP13";"comb";"big";"seq";2;"size";"object";2;18;"w1";"große"
"560";"VP13";"comb";"big";"seq";2;"size";"object";2;18;"w2";"Haarbürste"
"561";"VP13";"comb";"many";"hol";1;"number";"object";1;12;"w1";"Haarbürste"
"562";"VP13";"comb";"one";"seq";1;"number";"object";2;14;"w1";"Haare"
"563";"VP13";"comb";"one";"seq";1;"number";"object";2;14;"w2";"kämmen"
"564";"VP13";"comb";"small";"hol";1;"size";"object";1;12;"w1";"Haarbürste"
"565";"VP13";"duck";"big";"seq";3;"size";"animal";1;9;"w1";"Matrose"
"566";"VP13";"duck";"jump";"hol";1;"movement";"animal";1;6;"w1";"Hase"
"567";"VP13";"duck";"many";"seq";2;"number";"animal";2;15;"w1";"großer"
"568";"VP13";"duck";"many";"seq";2;"number";"animal";2;15;"w2";"Frosch"
"569";"VP13";"duck";"one";"hol";2;"number";"animal";1;8;"w1";"Frosch"
"570";"VP13";"duck";"run";"seq";1;"movement";"animal";2;18;"w1";"watschelnde"
"571";"VP13";"duck";"run";"seq";1;"movement";"animal";2;18;"w2";"Ente"
"572";"VP13";"duck";"small";"hol";3;"size";"animal";1;8;"w1";"Frosch"
"573";"VP13";"elephant";"jump";"seq";1;"movement";"animal";1;17;"w1";"Elefantensprung"
"574";"VP13";"elephant";"run";"hol";2;"movement";"animal";2;19;"w1";"rennender"
"575";"VP13";"elephant";"run";"hol";2;"movement";"animal";2;19;"w2";"Elefant"
"576";"VP13";"fork";"big";"seq";2;"size";"object";2;13;"w1";"große"
"577";"VP13";"fork";"big";"seq";2;"size";"object";2;13;"w2";"Gabel"
"578";"VP13";"fork";"many";"hol";2;"number";"object";1;8;"w1";"Buffet"
"579";"VP13";"fork";"one";"seq";3;"number";"object";1;5;"w1";"Lob"
"580";"VP13";"fork";"small";"hol";1;"size";"object";1;7;"w1";"essen"
"581";"VP13";"hammer";"big";"seq";2;"size";"object";1;11;"w1";"Würfelbox"
"582";"VP13";"hammer";"many";"hol";2;"number";"object";1;10;"w1";"schlagen"
"583";"VP13";"hammer";"one";"seq";1;"number";"object";1;9;"w1";"würfeln"
"584";"VP13";"hammer";"small";"hol";1;"size";"object";1;9;"w1";"würfeln"
"585";"VP13";"monkey";"jump";"seq";2;"movement";"animal";2;18;"w1";"springender"
"586";"VP13";"monkey";"jump";"seq";2;"movement";"animal";2;18;"w2";"Affe"
"587";"VP14";"ball";"jump";"seq";1;"movement";"object";1;10;"w1";"Hüpfball"
"588";"VP14";"bike";"big";"hol";1;"size";"object";1;9;"w1";"Fahrrad"
"589";"VP14";"bike";"many";"seq";1;"number";"object";2;16;"w1";"großes"
"590";"VP14";"bike";"many";"seq";1;"number";"object";2;16;"w2";"Fahrrad"
"591";"VP14";"bike";"one";"hol";5;"number";"object";2;16;"w1";"kurzes"
"592";"VP14";"bike";"one";"hol";5;"number";"object";2;16;"w2";"Fahrrad"
"593";"VP14";"bike";"small";"seq";3;"size";"object";3;17;"w1";"laufender"
"594";"VP14";"bike";"small";"seq";3;"size";"object";3;17;"w2";"Hund"
"595";"VP14";"cat";"jump";"hol";1;"movement";"animal";2;21;"w1";"fliegender"
"596";"VP14";"cat";"jump";"hol";1;"movement";"animal";2;21;"w2";"Flamingo"
"597";"VP14";"cat";"run";"seq";2;"movement";"animal";2;14;"w1";"böser"
"598";"VP14";"cat";"run";"seq";2;"movement";"animal";2;14;"w2";"Frosch"
"599";"VP14";"comb";"big";"hol";2;"size";"object";1;9;"w1";"Haargel"
"600";"VP14";"comb";"many";"seq";3;"number";"object";2;22;"w1";"blinkende"
"601";"VP14";"comb";"many";"seq";3;"number";"object";2;22;"w2";"Haarbürste"
"602";"VP14";"comb";"one";"hol";1;"number";"object";1;12;"w1";"Haarbürste"
"603";"VP14";"comb";"small";"seq";1;"size";"object";2;16;"w1";"rundes"
"604";"VP14";"comb";"small";"seq";1;"size";"object";2;16;"w2";"Haargel"
"605";"VP14";"duck";"big";"hol";2;"size";"animal";1;6;"w1";"Huhn"
"606";"VP14";"duck";"jump";"seq";2;"movement";"animal";2;17;"w1";"hüpfender"
"607";"VP14";"duck";"jump";"seq";2;"movement";"animal";2;17;"w2";"Vogel"
"608";"VP14";"duck";"many";"hol";1;"number";"animal";2;20;"w1";"gelangweiltes"
"609";"VP14";"duck";"many";"hol";1;"number";"animal";2;20;"w2";"Huhn"
"610";"VP14";"duck";"one";"seq";1;"number";"animal";2;17;"w1";"gackerndes"
"611";"VP14";"duck";"one";"seq";1;"number";"animal";2;17;"w2";"Huhn"
"612";"VP14";"duck";"run";"hol";2;"movement";"animal";2;18;"w1";"fliegender"
"613";"VP14";"duck";"run";"hol";2;"movement";"animal";2;18;"w2";"Vogel"
"614";"VP14";"duck";"small";"seq";2;"size";"animal";2;17;"w1";"kleines"
"615";"VP14";"duck";"small";"seq";2;"size";"animal";2;17;"w2";"Fahrrad"
"616";"VP14";"elephant";"jump";"hol";1;"movement";"animal";2;19;"w1";"hüpfender"
"617";"VP14";"elephant";"jump";"hol";1;"movement";"animal";2;19;"w2";"Elefant"
"618";"VP14";"elephant";"run";"seq";2;"movement";"animal";3;24;"w1";"sich"
"619";"VP14";"elephant";"run";"seq";2;"movement";"animal";3;24;"w2";"drehender"
"620";"VP14";"elephant";"run";"seq";2;"movement";"animal";3;24;"w3";"Taucher"
"621";"VP14";"fork";"big";"hol";1;"size";"object";2;13;"w1";"große"
"622";"VP14";"fork";"big";"hol";1;"size";"object";2;13;"w2";"Gabel"
"623";"VP14";"fork";"many";"seq";1;"number";"object";1;7;"w1";"Essen"
"624";"VP14";"fork";"one";"hol";2;"number";"object";1;7;"w1";"Gabel"
"625";"VP14";"fork";"small";"seq";1;"size";"object";2;20;"w1";"geschnittenes"
"626";"VP14";"fork";"small";"seq";1;"size";"object";2;20;"w2";"Brot"
"627";"VP14";"hammer";"big";"hol";2;"size";"object";1;15;"w1";"Musikschellen"
"628";"VP14";"hammer";"many";"seq";3;"number";"object";2;21;"w1";"offenes"
"629";"VP14";"hammer";"many";"seq";3;"number";"object";2;21;"w2";"Autofenster"
"630";"VP14";"hammer";"one";"hol";1;"number";"object";1;5;"w1";"Axt"
"631";"VP14";"hammer";"small";"seq";4;"size";"object";1;14;"w1";"Gastgeschenk"
"632";"VP14";"monkey";"jump";"hol";2;"movement";"animal";2;21;"w1";"fliegender"
"633";"VP14";"monkey";"jump";"hol";2;"movement";"animal";2;21;"w2";"Flamingo"
"634";"VP15";"ball";"jump";"hol";2;"movement";"object";2;15;"w1";"wütender"
"635";"VP15";"ball";"jump";"hol";2;"movement";"object";2;15;"w2";"Gnom"
"636";"VP15";"bike";"big";"seq";2;"size";"object";1;6;"w1";"auto"
"637";"VP15";"bike";"many";"hol";2;"number";"object";1;11;"w1";"Radfahrer"
"638";"VP15";"bike";"one";"seq";2;"number";"object";4;21;"w1";"Sport"
"639";"VP15";"bike";"one";"seq";2;"number";"object";4;21;"w2";"gut"
"640";"VP15";"bike";"one";"seq";2;"number";"object";4;21;"w3";"gemacht"
"641";"VP15";"bike";"small";"hol";3;"size";"object";2;24;"w1";"strampelndes"
"642";"VP15";"bike";"small";"hol";3;"size";"object";2;24;"w2";"Löwenbaby"
"643";"VP15";"cat";"jump";"seq";2;"movement";"animal";2;19;"w1";"fröhlicher"
"644";"VP15";"cat";"jump";"seq";2;"movement";"animal";2;19;"w2";"Mensch"
"645";"VP15";"cat";"run";"hol";1;"movement";"animal";1;11;"w1";"Wildkatze"
"646";"VP15";"comb";"big";"seq";2;"size";"object";2;13;"w1";"große"
"647";"VP15";"comb";"big";"seq";2;"size";"object";2;13;"w2";"Frage"
"648";"VP15";"comb";"many";"hol";1;"number";"object";1;8;"w1";"kämmen"
"649";"VP15";"comb";"one";"seq";1;"number";"object";2;14;"w1";"Haare"
"650";"VP15";"comb";"one";"seq";1;"number";"object";2;14;"w2";"kämmen"
"651";"VP15";"comb";"small";"hol";1;"size";"object";1;8;"w1";"kämmen"
"652";"VP15";"duck";"big";"seq";1;"size";"animal";3;15;"w1";"sich"
"653";"VP15";"duck";"big";"seq";1;"size";"animal";3;15;"w2";"beeilen"
"654";"VP15";"duck";"jump";"hol";2;"movement";"animal";1;6;"w1";"hase"
"655";"VP15";"duck";"many";"seq";2;"number";"animal";2;20;"w1";"Taucher"
"656";"VP15";"duck";"many";"seq";2;"number";"animal";2;20;"w2";"Schwimmer"
"657";"VP15";"duck";"one";"hol";2;"number";"animal";1;12;"w1";"verstecken"
"658";"VP15";"duck";"run";"seq";1;"movement";"animal";2;19;"w1";"neugieriger"
"659";"VP15";"duck";"run";"seq";1;"movement";"animal";2;19;"w2";"Vogel"
"660";"VP15";"duck";"small";"hol";2;"size";"animal";3;18;"w1";"ein"
"661";"VP15";"duck";"small";"hol";2;"size";"animal";3;18;"w2";"kleines"
"662";"VP15";"duck";"small";"hol";2;"size";"animal";3;18;"w3";"Baby"
"663";"VP15";"elephant";"jump";"seq";1;"movement";"animal";2;21;"w1";"springender"
"664";"VP15";"elephant";"jump";"seq";1;"movement";"animal";2;21;"w2";"Elefant"
"665";"VP15";"elephant";"run";"hol";1;"movement";"animal";2;19;"w1";"tanzender"
"666";"VP15";"elephant";"run";"hol";1;"movement";"animal";2;19;"w2";"Elefant"
"667";"VP15";"fork";"big";"seq";2;"size";"object";3;19;"w1";"große"
"668";"VP15";"fork";"big";"seq";2;"size";"object";3;19;"w2";"Pizza"
"669";"VP15";"fork";"big";"seq";2;"size";"object";3;19;"w3";"essen"
"670";"VP15";"fork";"many";"hol";2;"number";"object";5;30;"w1";"jemand"
"671";"VP15";"fork";"many";"hol";2;"number";"object";5;30;"w2";"isst"
"672";"VP15";"fork";"many";"hol";2;"number";"object";5;30;"w3";"von"
"673";"VP15";"fork";"many";"hol";2;"number";"object";5;30;"w4";"einem"
"674";"VP15";"fork";"many";"hol";2;"number";"object";5;30;"w5";"Buffet"
"675";"VP15";"fork";"one";"seq";2;"number";"object";6;34;"w1";"Nagel"
"676";"VP15";"fork";"one";"seq";2;"number";"object";6;34;"w2";"an"
"677";"VP15";"fork";"one";"seq";2;"number";"object";6;34;"w3";"ein"
"678";"VP15";"fork";"one";"seq";2;"number";"object";6;34;"w4";"Holzbrett"
"679";"VP15";"fork";"one";"seq";2;"number";"object";6;34;"w5";"schlagen"
"680";"VP15";"fork";"small";"hol";1;"size";"object";1;13;"w1";"Mittagessen"
"681";"VP15";"hammer";"big";"seq";2;"size";"object";3;14;"w1";"Haus"
"682";"VP15";"hammer";"big";"seq";2;"size";"object";3;14;"w2";"gebaut"
"683";"VP15";"hammer";"many";"hol";2;"number";"object";1;10;"w1";"trommeln"
"684";"VP15";"hammer";"one";"seq";3;"number";"object";2;20;"w1";"Zustimmung"
"685";"VP15";"hammer";"one";"seq";3;"number";"object";2;20;"w2";"Lehrer"
"686";"VP15";"hammer";"small";"hol";2;"size";"object";1;12;"w1";"Holzfäller"
"687";"VP15";"monkey";"jump";"seq";2;"movement";"animal";1;6;"w1";"Affe"
"688";"VP16";"ball";"jump";"seq";1;"movement";"object";2;25;"w1";"Dreieckiger"
"689";"VP16";"ball";"jump";"seq";1;"movement";"object";2;25;"w2";"Springkäfer"
"690";"VP16";"bike";"big";"hol";2;"size";"object";3;32;"w1";"Ein"
"691";"VP16";"bike";"big";"hol";2;"size";"object";3;32;"w2";"mittelalter"
"692";"VP16";"bike";"big";"hol";2;"size";"object";3;32;"w3";"Motorradfahrer"
"693";"VP16";"bike";"many";"seq";2;"number";"object";2;19;"w1";"Elegante"
"694";"VP16";"bike";"many";"seq";2;"number";"object";2;19;"w2";"Tänzerin"
"695";"VP16";"bike";"one";"hol";4;"number";"object";2;21;"w1";"kleine"
"696";"VP16";"bike";"one";"hol";4;"number";"object";2;21;"w2";"Treppenstufe"
"697";"VP16";"bike";"small";"seq";2;"size";"object";3;18;"w1";"laufender"
"698";"VP16";"bike";"small";"seq";2;"size";"object";3;18;"w2";"Mönch"
"699";"VP16";"cat";"jump";"hol";1;"movement";"animal";2;21;"w1";"Skispringer"
"700";"VP16";"cat";"jump";"hol";1;"movement";"animal";2;21;"w2";"Elefant"
"701";"VP16";"cat";"run";"seq";1;"movement";"animal";2;13;"w1";"junger"
"702";"VP16";"cat";"run";"seq";1;"movement";"animal";2;13;"w2";"Affe"
"703";"VP16";"comb";"big";"hol";1;"size";"object";2;14;"w1";"Junges"
"704";"VP16";"comb";"big";"hol";1;"size";"object";2;14;"w2";"Model"
"705";"VP16";"comb";"many";"seq";2;"number";"object";2;12;"w1";"Zehn"
"706";"VP16";"comb";"many";"seq";2;"number";"object";2;12;"w2";"Kämme"
"707";"VP16";"comb";"one";"hol";4;"number";"object";2;19;"w1";"Haarkämmende"
"708";"VP16";"comb";"one";"hol";4;"number";"object";2;19;"w2";"Frau"
"709";"VP16";"comb";"small";"seq";4;"size";"object";2;11;"w1";"rote"
"710";"VP16";"comb";"small";"seq";4;"size";"object";2;11;"w2";"Hand"
"711";"VP16";"duck";"big";"hol";2;"size";"animal";2;23;"w1";"Erschöpfte"
"712";"VP16";"duck";"big";"hol";2;"size";"animal";2;23;"w2";"Brieftaube"
"713";"VP16";"duck";"jump";"seq";8;"movement";"animal";2;13;"w1";"Frohes"
"714";"VP16";"duck";"jump";"seq";8;"movement";"animal";2;13;"w2";"Huhn"
"715";"VP16";"duck";"many";"hol";1;"number";"animal";2;18;"w1";"Verspielter"
"716";"VP16";"duck";"many";"hol";1;"number";"animal";2;18;"w2";"Affe"
"717";"VP16";"duck";"one";"seq";3;"number";"animal";2;18;"w1";"erwachsenes"
"718";"VP16";"duck";"one";"seq";3;"number";"animal";2;18;"w2";"huhn"
"719";"VP16";"duck";"run";"hol";3;"movement";"animal";2;16;"w1";"Junger"
"720";"VP16";"duck";"run";"hol";3;"movement";"animal";2;16;"w2";"Elefant"
"721";"VP16";"duck";"small";"seq";2;"size";"animal";2;18;"w1";"dringliches"
"722";"VP16";"duck";"small";"seq";2;"size";"animal";2;18;"w2";"Huhn"
"723";"VP16";"elephant";"jump";"hol";2;"movement";"animal";2;21;"w1";"Springender"
"724";"VP16";"elephant";"jump";"hol";2;"movement";"animal";2;21;"w2";"Elefant"
"725";"VP16";"elephant";"run";"seq";5;"movement";"animal";2;16;"w1";"junger"
"726";"VP16";"elephant";"run";"seq";5;"movement";"animal";2;16;"w2";"elefant"
"727";"VP16";"fork";"big";"hol";2;"size";"object";2;16;"w1";"Hungriger"
"728";"VP16";"fork";"big";"hol";2;"size";"object";2;16;"w2";"Affe"
"729";"VP16";"fork";"one";"hol";2;"number";"object";3;18;"w1";"Stabiler"
"730";"VP16";"fork";"one";"hol";2;"number";"object";3;18;"w2";"Löffel"
"731";"VP16";"fork";"small";"seq";9;"size";"object";2;12;"w1";"Pinke"
"732";"VP16";"fork";"small";"seq";9;"size";"object";2;12;"w2";"Ente"
"733";"VP16";"hammer";"big";"hol";3;"size";"object";2;30;"w1";"Kokosnussaufsprengender"
"734";"VP16";"hammer";"big";"hol";3;"size";"object";2;30;"w2";"Affe"
"735";"VP16";"hammer";"many";"seq";1;"number";"object";2;13;"w1";"Zehn"
"736";"VP16";"hammer";"many";"seq";1;"number";"object";2;13;"w2";"Finger"
"737";"VP16";"hammer";"one";"hol";2;"number";"object";2;13;"w1";"Schwere"
"738";"VP16";"hammer";"one";"hol";2;"number";"object";2;13;"w2";"Axt"
"739";"VP16";"hammer";"small";"seq";6;"size";"object";2;23;"w1";"Runde"
"740";"VP16";"hammer";"small";"seq";6;"size";"object";2;23;"w2";"Schreibmaschine"
"741";"VP16";"monkey";"jump";"hol";2;"movement";"animal";2;27;"w1";"Erfolgreicher"
"742";"VP16";"monkey";"jump";"hol";2;"movement";"animal";2;27;"w2";"Skispringer"
"743";"VP17";"ball";"jump";"hol";1;"movement";"object";2;16;"w1";"hüpfender"
"744";"VP17";"ball";"jump";"hol";1;"movement";"object";2;16;"w2";"Ball"
"745";"VP17";"bike";"big";"seq";1;"size";"object";2;13;"w1";"großes"
"746";"VP17";"bike";"big";"seq";1;"size";"object";2;13;"w2";"Auto"
"747";"VP17";"bike";"many";"hol";1;"number";"object";2;22;"w1";"schleckendes"
"748";"VP17";"bike";"many";"hol";1;"number";"object";2;22;"w2";"Känguru"
"749";"VP17";"bike";"one";"seq";1;"number";"object";2;16;"w1";"tolles"
"750";"VP17";"bike";"one";"seq";1;"number";"object";2;16;"w2";"Fahrrad"
"751";"VP17";"bike";"small";"hol";1;"size";"object";2;19;"w1";"liegendes"
"752";"VP17";"bike";"small";"hol";1;"size";"object";2;19;"w2";"Fahrrad"
"753";"VP17";"cat";"jump";"seq";1;"movement";"animal";2;26;"w1";"fröhlicher"
"754";"VP17";"cat";"jump";"seq";1;"movement";"animal";2;26;"w2";"Schmetterling"
"755";"VP17";"cat";"run";"hol";4;"movement";"animal";2;15;"w1";"schnelle"
"756";"VP17";"cat";"run";"hol";4;"movement";"animal";2;15;"w2";"Maus"
"757";"VP17";"comb";"big";"seq";3;"size";"object";2;16;"w1";"kratzender"
"758";"VP17";"comb";"big";"seq";3;"size";"object";2;16;"w2";"Bär"
"759";"VP17";"comb";"many";"hol";1;"number";"object";2;14;"w1";"schöne"
"760";"VP17";"comb";"many";"hol";1;"number";"object";2;14;"w2";"Haare"
"761";"VP17";"comb";"one";"seq";1;"number";"object";2;14;"w1";"schöne"
"762";"VP17";"comb";"one";"seq";1;"number";"object";2;14;"w2";"Haare"
"763";"VP17";"comb";"small";"hol";1;"size";"object";2;13;"w1";"lange"
"764";"VP17";"comb";"small";"hol";1;"size";"object";2;13;"w2";"Haare"
"765";"VP17";"duck";"big";"seq";1;"size";"animal";2;12;"w1";"dicker"
"766";"VP17";"duck";"big";"seq";1;"size";"animal";2;12;"w2";"Bär"
"767";"VP17";"duck";"jump";"hol";2;"movement";"animal";2;21;"w1";"glückliches"
"768";"VP17";"duck";"jump";"hol";2;"movement";"animal";2;21;"w2";"Känguru"
"769";"VP17";"duck";"many";"seq";2;"number";"animal";2;19;"w1";"springender"
"770";"VP17";"duck";"many";"seq";2;"number";"animal";2;19;"w2";"Kreis"
"771";"VP17";"duck";"one";"hol";2;"number";"animal";2;13;"w1";"kleine"
"772";"VP17";"duck";"one";"hol";2;"number";"animal";2;13;"w2";"Maus"
"773";"VP17";"duck";"run";"seq";1;"movement";"animal";2;15;"w1";"schnelle"
"774";"VP17";"duck";"run";"seq";1;"movement";"animal";2;15;"w2";"Ente"
"775";"VP17";"duck";"small";"hol";1;"size";"animal";2;14;"w1";"kleine"
"776";"VP17";"duck";"small";"hol";1;"size";"animal";2;14;"w2";"Katze"
"777";"VP17";"elephant";"jump";"seq";1;"movement";"animal";2;16;"w1";"großer"
"778";"VP17";"elephant";"jump";"seq";1;"movement";"animal";2;16;"w2";"Elefant"
"779";"VP17";"elephant";"run";"hol";1;"movement";"animal";2;19;"w1";"schneller"
"780";"VP17";"elephant";"run";"hol";1;"movement";"animal";2;19;"w2";"Elefant"
"781";"VP17";"fork";"big";"seq";1;"size";"object";2;14;"w1";"essender"
"782";"VP17";"fork";"big";"seq";1;"size";"object";2;14;"w2";"Bär"
"783";"VP17";"fork";"many";"hol";1;"number";"object";2;15;"w1";"langes"
"784";"VP17";"fork";"many";"hol";1;"number";"object";2;15;"w2";"Buffet"
"785";"VP17";"fork";"one";"seq";1;"number";"object";2;14;"w1";"gute"
"786";"VP17";"fork";"one";"seq";1;"number";"object";2;14;"w2";"Trommel"
"787";"VP17";"fork";"small";"hol";1;"size";"object";2;13;"w1";"gutes"
"788";"VP17";"fork";"small";"hol";1;"size";"object";2;13;"w2";"Essen"
"789";"VP17";"hammer";"big";"seq";2;"size";"object";2;22;"w1";"geschlossener"
"790";"VP17";"hammer";"big";"seq";2;"size";"object";2;22;"w2";"Würfel"
"791";"VP17";"hammer";"many";"hol";2;"number";"object";2;15;"w1";"laute"
"792";"VP17";"hammer";"many";"hol";2;"number";"object";2;15;"w2";"Trommel"
"793";"VP17";"hammer";"one";"seq";1;"number";"object";2;14;"w1";"gute"
"794";"VP17";"hammer";"one";"seq";1;"number";"object";2;14;"w2";"Trommel"
"795";"VP17";"hammer";"small";"hol";3;"size";"object";2;15;"w1";"laute"
"796";"VP17";"hammer";"small";"hol";3;"size";"object";2;15;"w2";"Trommel"
"797";"VP17";"monkey";"jump";"seq";1;"movement";"animal";2;21;"w1";"glückliches"
"798";"VP17";"monkey";"jump";"seq";1;"movement";"animal";2;21;"w2";"Känguru"
"799";"VP18";"ball";"jump";"seq";1;"movement";"object";1;12;"w1";"Luftballon"
"800";"VP18";"bike";"big";"hol";3;"size";"object";2;14;"w1";"keine"
"801";"VP18";"bike";"big";"hol";3;"size";"object";2;14;"w2";"Ahnung"
"802";"VP18";"bike";"many";"seq";2;"number";"object";2;11;"w1";"ein"
"803";"VP18";"bike";"many";"seq";2;"number";"object";2;11;"w2";"Apfel"
"804";"VP18";"bike";"one";"hol";2;"number";"object";1;9;"w1";"Fahrrad"
"805";"VP18";"bike";"small";"seq";2;"size";"object";2;10;"w1";"ein"
"806";"VP18";"bike";"small";"seq";2;"size";"object";2;10;"w2";"Hund"
"807";"VP18";"cat";"jump";"hol";1;"movement";"animal";1;7;"w1";"Fisch"
"808";"VP18";"cat";"run";"seq";2;"movement";"animal";2;12;"w1";"eine"
"809";"VP18";"cat";"run";"seq";2;"movement";"animal";2;12;"w2";"Katze"
"810";"VP18";"comb";"big";"hol";1;"size";"object";1;8;"w1";"Frisur"
"811";"VP18";"comb";"many";"seq";1;"number";"object";1;10;"w1";"Haarkamm"
"812";"VP18";"comb";"one";"hol";1;"number";"object";1;10;"w1";"Haarkamm"
"813";"VP18";"comb";"small";"seq";3;"size";"object";2;11;"w1";"ein"
"814";"VP18";"comb";"small";"seq";3;"size";"object";2;11;"w2";"Kappe"
"815";"VP18";"duck";"big";"hol";1;"size";"animal";2;11;"w1";"ein"
"816";"VP18";"duck";"big";"hol";1;"size";"animal";2;11;"w2";"Vogel"
"817";"VP18";"duck";"jump";"seq";1;"movement";"animal";2;11;"w1";"ein"
"818";"VP18";"duck";"jump";"seq";1;"movement";"animal";2;11;"w2";"Vogel"
"819";"VP18";"duck";"many";"hol";2;"number";"animal";2;10;"w1";"ein"
"820";"VP18";"duck";"many";"hol";2;"number";"animal";2;10;"w2";"Huhn"
"821";"VP18";"duck";"one";"seq";1;"number";"animal";2;10;"w1";"ein"
"822";"VP18";"duck";"one";"seq";1;"number";"animal";2;10;"w2";"Huhn"
"823";"VP18";"duck";"run";"hol";2;"movement";"animal";2;11;"w1";"ein"
"824";"VP18";"duck";"run";"hol";2;"movement";"animal";2;11;"w2";"Vogel"
"825";"VP18";"duck";"small";"seq";2;"size";"animal";2;9;"w1";"ein"
"826";"VP18";"duck";"small";"seq";2;"size";"animal";2;9;"w2";"Bär"
"827";"VP18";"elephant";"jump";"hol";1;"movement";"animal";2;13;"w1";"der"
"828";"VP18";"elephant";"jump";"hol";1;"movement";"animal";2;13;"w2";"Elefant"
"829";"VP18";"elephant";"run";"seq";2;"movement";"animal";1;9;"w1";"Elefant"
"830";"VP18";"fork";"big";"hol";2;"size";"object";2;12;"w1";"das"
"831";"VP18";"fork";"big";"hol";2;"size";"object";2;12;"w2";"Wasser"
"832";"VP18";"fork";"many";"seq";1;"number";"object";1;7;"w1";"Essen"
"833";"VP18";"fork";"one";"hol";1;"number";"object";2;10;"w1";"da"
"834";"VP18";"fork";"one";"hol";1;"number";"object";2;10;"w2";"Essen"
"835";"VP18";"fork";"small";"seq";2;"size";"object";1;8;"w1";"Bonbon"
"836";"VP18";"hammer";"big";"hol";1;"size";"object";2;12;"w1";"ein"
"837";"VP18";"hammer";"big";"hol";1;"size";"object";2;12;"w2";"Hammer"
"838";"VP18";"hammer";"many";"seq";3;"number";"object";2;13;"w1";"eine"
"839";"VP18";"hammer";"many";"seq";3;"number";"object";2;13;"w2";"Glocke"
"840";"VP18";"hammer";"one";"hol";1;"number";"object";2;10;"w1";"eine"
"841";"VP18";"hammer";"one";"hol";1;"number";"object";2;10;"w2";"Axt"
"842";"VP18";"hammer";"small";"seq";3;"size";"object";2;9;"w1";"die"
"843";"VP18";"hammer";"small";"seq";3;"size";"object";2;9;"w2";"Tür"
"844";"VP18";"monkey";"jump";"hol";2;"movement";"animal";1;7;"w1";"Fisch"
"845";"VP19";"ball";"jump";"hol";2;"movement";"object";1;12;"w1";"Flummiball"
"846";"VP19";"bike";"big";"seq";3;"size";"object";1;6;"w1";"Auto"
"847";"VP19";"bike";"many";"hol";6;"number";"object";2;22;"w1";"ausweichender"
"848";"VP19";"bike";"many";"hol";6;"number";"object";2;22;"w2";"Läufer"
"849";"VP19";"bike";"one";"seq";3;"number";"object";1;15;"w1";"Fahrradfahrer"
"850";"VP19";"bike";"small";"hol";2;"size";"object";2;20;"w1";"umgefallener"
"851";"VP19";"bike";"small";"hol";2;"size";"object";2;20;"w2";"Käfer"
"852";"VP19";"cat";"jump";"seq";2;"movement";"animal";2;18;"w1";"springende"
"853";"VP19";"cat";"jump";"seq";2;"movement";"animal";2;18;"w2";"Katze"
"854";"VP19";"cat";"run";"hol";3;"movement";"animal";1;6;"w1";"Hund"
"855";"VP19";"comb";"big";"seq";2;"size";"object";2;12;"w1";"dicke"
"856";"VP19";"comb";"big";"seq";2;"size";"object";2;12;"w2";"Frau"
"857";"VP19";"comb";"many";"hol";5;"number";"object";1;8;"w1";"Bürste"
"858";"VP19";"comb";"one";"seq";1;"number";"object";2;11;"w1";"Haarkamm"
"859";"VP19";"comb";"small";"hol";2;"size";"object";2;7;"w1";"Kamm"
"860";"VP19";"duck";"big";"seq";2;"size";"animal";2;15;"w1";"Dicker"
"861";"VP19";"duck";"big";"seq";2;"size";"animal";2;15;"w2";"Mensch"
"862";"VP19";"duck";"jump";"hol";1;"movement";"animal";1;10;"w1";"Kängaroo"
"863";"VP19";"duck";"many";"seq";4;"number";"animal";2;20;"w1";"ertrinkende"
"864";"VP19";"duck";"many";"seq";4;"number";"animal";2;20;"w2";"Person"
"865";"VP19";"duck";"one";"hol";12;"number";"animal";1;8;"w1";"Frosch"
"866";"VP19";"duck";"run";"seq";2;"movement";"animal";1;6;"w1";"Ente"
"867";"VP19";"duck";"small";"hol";2;"size";"animal";1;8;"w1";"Frosch"
"868";"VP19";"elephant";"jump";"seq";2;"movement";"animal";2;21;"w1";"springender"
"869";"VP19";"elephant";"jump";"seq";2;"movement";"animal";2;21;"w2";"Elefant"
"870";"VP19";"elephant";"run";"hol";1;"movement";"animal";3;20;"w1";"laufender"
"871";"VP19";"elephant";"run";"hol";1;"movement";"animal";3;20;"w2";"Elefant"
"872";"VP19";"fork";"big";"seq";2;"size";"object";2;15;"w1";"großer"
"873";"VP19";"fork";"big";"seq";2;"size";"object";2;15;"w2";"Hunger"
"874";"VP19";"fork";"one";"seq";8;"number";"object";2;18;"w1";"springender"
"875";"VP19";"fork";"one";"seq";8;"number";"object";2;18;"w2";"Ball"
"876";"VP19";"fork";"small";"hol";2;"size";"object";1;7;"w1";"Essen"
"877";"VP19";"hammer";"big";"seq";2;"size";"object";2;15;"w1";"großer"
"878";"VP19";"hammer";"big";"seq";2;"size";"object";2;15;"w2";"Hammer"
"879";"VP19";"hammer";"many";"hol";4;"number";"object";1;9;"w1";"Trommel"
"880";"VP19";"hammer";"one";"seq";2;"number";"object";2;13;"w1";"gut"
"881";"VP19";"hammer";"one";"seq";2;"number";"object";2;13;"w2";"gemacht"
"882";"VP19";"hammer";"small";"hol";3;"size";"object";1;13;"w1";"Zerschlagen"
"883";"VP19";"monkey";"jump";"seq";1;"movement";"animal";2;16;"w1";"hüpfender"
"884";"VP19";"monkey";"jump";"seq";1;"movement";"animal";2;16;"w2";"Affe"
"885";"VP20";"ball";"jump";"seq";2;"movement";"object";2;18;"w1";"schönes"
"886";"VP20";"ball";"jump";"seq";2;"movement";"object";2;18;"w2";"Geschenk"
"887";"VP20";"bike";"big";"hol";2;"size";"object";2;25;"w1";"angestrengter"
"888";"VP20";"bike";"big";"hol";2;"size";"object";2;25;"w2";"Radfahrer"
"889";"VP20";"bike";"many";"seq";5;"number";"object";2;14;"w1";"stolzer"
"890";"VP20";"bike";"many";"seq";5;"number";"object";2;14;"w2";"Pfau"
"891";"VP20";"bike";"one";"hol";13;"number";"object";2;25;"w1";"stehengebliebenes"
"892";"VP20";"bike";"one";"hol";13;"number";"object";2;25;"w2";"Pferd"
"893";"VP20";"bike";"small";"seq";7;"size";"object";2;19;"w1";"gefundener"
"894";"VP20";"bike";"small";"seq";7;"size";"object";2;19;"w2";"Schatz"
"895";"VP20";"cat";"jump";"hol";10;"movement";"animal";2;18;"w1";"langsamer"
"896";"VP20";"cat";"jump";"hol";10;"movement";"animal";2;18;"w2";"Rochen"
"897";"VP20";"cat";"run";"seq";4;"movement";"animal";2;17;"w1";"trauriges"
"898";"VP20";"cat";"run";"seq";4;"movement";"animal";2;17;"w2";"Pferd"
"899";"VP20";"comb";"big";"hol";5;"size";"object";4;23;"w1";"Rasierer"
"900";"VP20";"comb";"big";"hol";5;"size";"object";4;23;"w2";"für"
"901";"VP20";"comb";"big";"hol";5;"size";"object";4;23;"w3";"den"
"902";"VP20";"comb";"big";"hol";5;"size";"object";4;23;"w4";"Kopf"
"903";"VP20";"comb";"many";"seq";3;"number";"object";4;20;"w1";"Kamm"
"904";"VP20";"comb";"many";"seq";3;"number";"object";4;20;"w2";"mit"
"905";"VP20";"comb";"many";"seq";3;"number";"object";4;20;"w3";"30"
"906";"VP20";"comb";"many";"seq";3;"number";"object";4;20;"w4";"Zacken"
"907";"VP20";"comb";"one";"hol";1;"number";"object";4;22;"w1";"Bürste"
"908";"VP20";"comb";"one";"hol";1;"number";"object";4;22;"w2";"für"
"909";"VP20";"comb";"one";"hol";1;"number";"object";4;22;"w3";"die"
"910";"VP20";"comb";"one";"hol";1;"number";"object";4;22;"w4";"Haare"
"911";"VP20";"comb";"small";"seq";1;"size";"object";4;19;"w1";"Gel"
"912";"VP20";"comb";"small";"seq";1;"size";"object";4;19;"w2";"für"
"913";"VP20";"comb";"small";"seq";1;"size";"object";4;19;"w3";"die"
"914";"VP20";"comb";"small";"seq";1;"size";"object";4;19;"w4";"Haare"
"915";"VP20";"duck";"big";"hol";1;"size";"animal";2;16;"w1";"krähender"
"916";"VP20";"duck";"big";"hol";1;"size";"animal";2;16;"w2";"Hahn"
"917";"VP20";"duck";"jump";"seq";1;"movement";"animal";5;30;"w1";"Küken"
"918";"VP20";"duck";"jump";"seq";1;"movement";"animal";5;30;"w2";"das"
"919";"VP20";"duck";"jump";"seq";1;"movement";"animal";5;30;"w3";"nicht"
"920";"VP20";"duck";"jump";"seq";1;"movement";"animal";5;30;"w4";"fliegen"
"921";"VP20";"duck";"jump";"seq";1;"movement";"animal";5;30;"w5";"kann"
"922";"VP20";"duck";"many";"hol";1;"number";"animal";2;24;"w1";"schlechtgelaunter"
"923";"VP20";"duck";"many";"hol";1;"number";"animal";2;24;"w2";"Affe"
"924";"VP20";"duck";"one";"seq";2;"number";"animal";2;17;"w1";"fröhliches"
"925";"VP20";"duck";"one";"seq";2;"number";"animal";2;17;"w2";"Huhn"
"926";"VP20";"duck";"run";"hol";6;"movement";"animal";2;19;"w1";"schnelle"
"927";"VP20";"duck";"run";"hol";6;"movement";"animal";2;19;"w2";"Schlange"
"928";"VP20";"duck";"small";"seq";6;"size";"animal";2;18;"w1";"quengelndes"
"929";"VP20";"duck";"small";"seq";6;"size";"animal";2;18;"w2";"Baby"
"930";"VP20";"elephant";"jump";"hol";1;"movement";"animal";2;19;"w1";"hüpfender"
"931";"VP20";"elephant";"jump";"hol";1;"movement";"animal";2;19;"w2";"Elefant"
"932";"VP20";"elephant";"run";"seq";1;"movement";"animal";2;19;"w1";"rennender"
"933";"VP20";"elephant";"run";"seq";1;"movement";"animal";2;19;"w2";"Elefant"
"934";"VP20";"fork";"big";"hol";2;"size";"object";2;21;"w1";"leergegessene"
"935";"VP20";"fork";"big";"hol";2;"size";"object";2;21;"w2";"Suppe"
"936";"VP20";"fork";"many";"seq";5;"number";"object";2;11;"w1";"fast"
"937";"VP20";"fork";"many";"seq";5;"number";"object";2;11;"w2";"food"
"938";"VP20";"fork";"one";"hol";6;"number";"object";2;15;"w1";"leeres"
"939";"VP20";"fork";"one";"hol";6;"number";"object";2;15;"w2";"Buffet"
"940";"VP20";"fork";"small";"seq";2;"size";"object";2;20;"w1";"geschnittenes"
"941";"VP20";"fork";"small";"seq";2;"size";"object";2;20;"w2";"Brot"
"942";"VP20";"hammer";"big";"hol";3;"size";"object";2;16;"w1";"scharfe"
"943";"VP20";"hammer";"big";"hol";3;"size";"object";2;16;"w2";"Schere"
"944";"VP20";"hammer";"many";"seq";35;"number";"object";4;24;"w1";"Gruppe"
"945";"VP20";"hammer";"many";"seq";35;"number";"object";4;24;"w2";"mit"
"946";"VP20";"hammer";"many";"seq";35;"number";"object";4;24;"w3";"10"
"947";"VP20";"hammer";"many";"seq";35;"number";"object";4;24;"w4";"Personen"
"948";"VP20";"hammer";"one";"hol";1;"number";"object";2;14;"w1";"hackende"
"949";"VP20";"hammer";"one";"hol";1;"number";"object";2;14;"w2";"Axt"
"950";"VP20";"hammer";"small";"seq";5;"size";"object";2;24;"w1";"aufgegangener"
"951";"VP20";"hammer";"small";"seq";5;"size";"object";2;24;"w2";"Hefeteig"
"952";"VP20";"monkey";"jump";"hol";7;"movement";"animal";2;21;"w1";"abhebendes"
"953";"VP20";"monkey";"jump";"hol";7;"movement";"animal";2;21;"w2";"Flugzeug"
